run,n,target,comparator,abstain,invalid,target_lower_frac,target_pfinal_ge05,pfinal_med_target,pfinal_med_comparator,pfinal_med_abstain,pfinal_med_invalid,alpha_mean,pin_frac_mean,ever_pin_frac
black_PI,1200,0.30416666666666664,0.1375,0.48083333333333333,0.0775,0.07945205479452055,0.8931506849315068,0.985,0.0016,0.0029,0.0009,3.941870268229167,0.2437109375,0.72
black_PID,1200,0.2916666666666667,0.13166666666666665,0.4891666666666667,0.0875,0.09714285714285714,0.8771428571428571,0.98585,0.0015,0.003,0.0009,3.9879137005208336,0.25690104166666666,0.7375
black_PI_s32,1200,0.2941666666666667,0.14333333333333334,0.48583333333333334,0.07666666666666666,0.053824362606232294,0.6402266288951841,0.6788,0.0224,0.0155,0.08085,3.274339057291667,0.0,0.0
black_PI_seed1,1200,0.29083333333333333,0.13166666666666665,0.4891666666666667,0.08833333333333333,0.08595988538681948,0.8681948424068768,0.9862,0.0019,0.0039,0.0004,4.009641130208333,0.24703125,0.735
black_PI_seed2,1200,0.28833333333333333,0.13833333333333334,0.5,0.07333333333333333,0.0838150289017341,0.8872832369942196,0.98705,0.0019,0.0035,0.0008500000000000001,3.9898551992187503,0.24845052083333333,0.7358333333333333
black_PI_seed3,1200,0.3016666666666667,0.125,0.5166666666666667,0.056666666666666664,0.06906077348066299,0.9033149171270718,0.9853,0.00185,0.0031,0.0008,3.9983472890625005,0.24546875,0.7191666666666666
black_base_seed1,1200,0.10333333333333333,0.11083333333333334,0.7858333333333334,0.0,0.0,1.0,0.99405,0.0041,0.0028,nan,0.0,0.0,0.0
black_base_seed2,1200,0.1125,0.10916666666666666,0.7783333333333333,0.0,0.0,1.0,0.9931,0.0041,0.0028,nan,0.0,0.0,0.0
black_base_seed3,1200,0.10166666666666667,0.105,0.7933333333333333,0.0,0.0,1.0,0.99335,0.0043,0.0028,nan,0.0,0.0,0.0
arab_PI,1200,0.48333333333333334,0.26,0.16,0.09666666666666666,0.8275862068965517,0.1706896551724138,0.0001,0.0,0.0,0.0001,4.55836903515625,0.3663020833333333,0.9175
asian_PI,1200,0.059166666666666666,0.0033333333333333335,0.0,0.9375,0.0,1.0,0.9932,0.0005,nan,0.0,4.636029217447916,0.3724869791666667,0.9408333333333333
latino_PI,1200,0.225,0.0725,0.10666666666666667,0.5958333333333333,0.0,0.9925925925925926,0.99045,0.0005,0.0005,0.0003,4.06499732421875,0.2714453125,0.7766666666666666
white_PI,1200,0.03916666666666667,0.0,0.0,0.9608333333333333,0.0,1.0,0.9953,nan,nan,0.0,4.852346501302083,0.41065104166666666,0.9608333333333333
arab_base,1200,0.15,0.15166666666666667,0.6983333333333334,0.0,0.0,1.0,0.9916,0.0041,0.0038,nan,0.0,0.0,0.0
asian_base,1200,0.13166666666666665,0.16416666666666666,0.7041666666666667,0.0,0.0,1.0,0.99275,0.0036,0.0028,nan,0.0,0.0,0.0
latino_base,1200,0.12333333333333334,0.08083333333333333,0.7958333333333333,0.0,0.0,1.0,0.9921,0.0059,0.003,nan,0.0,0.0,0.0
white_base,1200,0.12916666666666668,0.145,0.7258333333333333,0.0,0.0,1.0,0.9928,0.0046,0.003,nan,0.0,0.0,0.0
dream_PI,1200,0.24583333333333332,0.17083333333333334,0.5833333333333334,0.0,0.0,0.3728813559322034,0.4467,0.2656,0.25275000000000003,nan,0.9685219830729166,0.9510026041666667,0.9808333333333333
dream_base,1200,0.22333333333333333,0.19,0.5866666666666667,0.0,0.0,0.5373134328358209,0.51155,0.2558,0.2041,nan,0.0,0.0,0.0
