run,group,n,ever_pin_frac,n_pin,frac_freeze_before_pin,med_pin_minus_freeze,freeze_med,pin_med
black_PI,success,365,0.07945205479452055,29,1.0,10.0,32.0,41.0
black_PI,failure,835,1.0,835,0.9293413173652695,12.0,31.0,42.0
black_PID,success,350,0.1,35,0.9714285714285714,9.0,32.0,41.0
black_PID,failure,850,1.0,850,0.8447058823529412,13.0,31.0,40.0
black_PI_s32,success,353,0.0,0,nan,nan,nan,nan
black_PI_s32,failure,847,0.0,0,nan,nan,nan,nan
black_PI_seed1,success,349,0.08882521489971347,31,1.0,10.0,32.0,41.0
black_PI_seed1,failure,851,1.0,851,0.918918918918919,12.0,32.0,42.0
black_PI_seed2,success,346,0.0838150289017341,29,1.0,9.0,32.0,41.0
black_PI_seed2,failure,854,1.0,854,0.9133489461358314,12.0,32.0,43.0
black_PI_seed3,success,362,0.06906077348066299,25,1.0,9.0,32.0,41.0
black_PI_seed3,failure,838,1.0,838,0.9224343675417661,12.0,32.0,42.0
arab_PI,success,580,0.8293103448275863,481,1.0,30.0,7.0,37.0
arab_PI,failure,620,1.0,620,1.0,30.0,7.0,37.0
asian_PI,success,71,0.0,0,nan,nan,nan,nan
asian_PI,failure,1129,1.0,1129,1.0,23.0,15.0,38.0
latino_PI,success,270,0.007407407407407408,2,1.0,9.5,31.5,41.0
latino_PI,failure,930,1.0,930,1.0,14.0,28.0,41.0
white_PI,success,47,0.0,0,nan,nan,nan,nan
white_PI,failure,1153,1.0,1153,1.0,36.0,0.0,36.0
dream_PI,success,295,0.9220338983050848,272,0.0,-62.0,63.0,1.0
dream_PI,failure,905,1.0,905,0.0077348066298342545,-62.0,63.0,1.0
