run,theta,n_items,n_locked,lock_med,lock_q10,lock_q90,frac_early,frac_wave,frac_late,lock_med_rot0,lock_med_rot1,lock_med_rot2
black_PI,0.3,1200,332,26.5,0.0,32.0,0.37349397590361444,0.5210843373493976,0.0572289156626506,24.0,26.0,27.0
black_PI,0.5,1200,326,30.0,0.0,33.0,0.22085889570552147,0.6411042944785276,0.07975460122699386,30.0,30.0,30.0
black_PI,0.7,1200,308,32.0,0.0,33.0,0.1525974025974026,0.7662337662337663,0.05519480519480519,32.0,32.0,31.5
black_PI,0.9,1200,291,32.0,0.0,33.0,0.1134020618556701,0.8281786941580757,0.037800687285223365,32.0,32.0,32.0
black_PID,0.3,1200,312,25.0,0.0,32.0,0.3557692307692308,0.5192307692307693,0.041666666666666664,24.0,24.0,27.0
black_PID,0.5,1200,307,29.0,0.0,33.0,0.23452768729641693,0.5960912052117264,0.09446254071661238,29.0,29.0,29.0
black_PID,0.7,1200,297,31.0,0.0,42.00000000000068,0.14814814814814814,0.6936026936026936,0.10101010101010101,31.5,31.0,31.0
black_PID,0.9,1200,273,32.0,0.0,33.80000000000001,0.12454212454212454,0.7692307692307693,0.07326007326007326,32.0,32.0,32.0
black_PI_s32,0.3,1200,356,27.0,0.0,31.0,0.33146067415730335,0.025280898876404494,0.6235955056179775,26.0,26.0,27.0
black_PI_s32,0.5,1200,250,27.0,0.0,31.0,0.284,0.028,0.672,26.0,27.0,27.5
black_PI_s32,0.7,1200,182,28.0,0.0,31.0,0.25274725274725274,0.03296703296703297,0.7142857142857143,27.0,28.0,28.0
black_PI_s32,0.9,1200,129,28.0,0.0,31.0,0.26356589147286824,0.007751937984496124,0.7131782945736435,27.5,28.0,29.0
black_PI_seed1,0.3,1200,311,27.0,0.0,32.0,0.3215434083601286,0.5787781350482315,0.05787781350482315,27.0,27.0,27.0
black_PI_seed1,0.5,1200,303,31.0,0.0,46.600000000000136,0.1848184818481848,0.6633663366336634,0.10231023102310231,31.0,31.0,30.0
black_PI_seed1,0.7,1200,291,32.0,0.0,35.0,0.13745704467353953,0.7663230240549829,0.0859106529209622,32.0,32.0,32.0
black_PI_seed1,0.9,1200,275,32.0,15.600000000000009,33.0,0.09454545454545454,0.8181818181818182,0.06181818181818182,32.0,32.0,32.0
black_PI_seed2,0.3,1200,313,26.0,0.0,32.0,0.3706070287539936,0.5431309904153354,0.04153354632587859,26.0,26.0,27.0
black_PI_seed2,0.5,1200,307,30.0,0.0,33.400000000000034,0.22149837133550487,0.6449511400651465,0.09120521172638436,30.0,30.0,31.0
black_PI_seed2,0.7,1200,295,32.0,0.0,33.0,0.16271186440677965,0.735593220338983,0.07796610169491526,32.0,32.0,32.0
black_PI_seed2,0.9,1200,282,32.0,0.0,33.0,0.1276595744680851,0.7907801418439716,0.06028368794326241,32.0,32.0,32.0
black_PI_seed3,0.3,1200,334,27.0,0.0,32.0,0.2694610778443114,0.5988023952095808,0.06287425149700598,26.0,28.0,27.0
black_PI_seed3,0.5,1200,327,31.0,0.0,39.20000000000027,0.1651376146788991,0.6972477064220184,0.10091743119266056,31.0,31.0,31.0
black_PI_seed3,0.7,1200,310,32.0,0.0,33.0,0.12580645161290321,0.7774193548387097,0.07419354838709677,32.0,32.0,32.0
black_PI_seed3,0.9,1200,286,32.0,14.0,34.0,0.0979020979020979,0.8356643356643356,0.05244755244755245,32.0,32.0,32.0
black_base_seed1,0.3,1200,124,0.0,0.0,28.0,0.7016129032258065,0.23387096774193547,0.0,0.0,0.0,0.0
black_base_seed1,0.5,1200,124,28.0,0.0,32.0,0.4596774193548387,0.532258064516129,0.0,1.0,28.0,16.0
black_base_seed1,0.7,1200,124,32.0,0.0,32.0,0.33064516129032256,0.6451612903225806,0.0,30.5,32.0,32.0
black_base_seed1,0.9,1200,124,32.0,0.0,32.0,0.20967741935483872,0.7419354838709677,0.0,32.0,32.0,32.0
black_base_seed2,0.3,1200,135,0.0,0.0,28.0,0.6888888888888889,0.22962962962962963,0.0,0.0,1.0,0.0
black_base_seed2,0.5,1200,135,24.0,0.0,32.0,0.45185185185185184,0.5037037037037037,0.0,1.0,28.0,14.5
black_base_seed2,0.7,1200,135,32.0,0.0,32.0,0.35555555555555557,0.6222222222222222,0.0,29.5,32.0,31.0
black_base_seed2,0.9,1200,135,32.0,0.0,32.0,0.26666666666666666,0.6888888888888889,0.0,32.0,32.0,32.0
black_base_seed3,0.3,1200,122,0.0,0.0,28.0,0.6721311475409836,0.22131147540983606,0.0,0.5,0.0,0.0
black_base_seed3,0.5,1200,122,27.5,0.0,32.0,0.4180327868852459,0.5491803278688525,0.0,28.0,27.0,27.0
black_base_seed3,0.7,1200,122,32.0,0.0,32.0,0.3114754098360656,0.6721311475409836,0.0,32.0,32.0,32.0
black_base_seed3,0.9,1200,121,32.0,0.0,32.0,0.23140495867768596,0.7355371900826446,0.0,32.0,32.0,32.0
arab_PI,0.3,1200,99,0.0,0.0,2.0,0.9696969696969697,0.020202020202020204,0.0,0.0,0.0,0.0
arab_PI,0.5,1200,99,15.0,0.0,32.0,0.48484848484848486,0.4444444444444444,0.010101010101010102,2.0,20.0,24.0
arab_PI,0.7,1200,99,32.0,0.0,32.0,0.1717171717171717,0.7676767676767676,0.010101010101010102,32.0,32.0,32.0
arab_PI,0.9,1200,99,32.0,2.0,32.0,0.12121212121212122,0.8484848484848485,0.010101010101010102,32.0,32.0,32.0
asian_PI,0.3,1200,71,0.0,0.0,1.0,0.9577464788732394,0.04225352112676056,0.0,0.0,0.0,0.0
asian_PI,0.5,1200,71,3.0,0.0,32.0,0.5352112676056338,0.29577464788732394,0.0,19.0,0.0,1.0
asian_PI,0.7,1200,71,29.0,0.0,32.0,0.2112676056338028,0.6338028169014085,0.0,32.0,25.0,31.5
asian_PI,0.9,1200,71,32.0,2.0,32.0,0.1267605633802817,0.8450704225352113,0.0,32.0,32.0,32.0
latino_PI,0.3,1200,268,17.0,0.0,28.0,0.33955223880597013,0.332089552238806,0.0,19.0,16.5,16.0
latino_PI,0.5,1200,268,31.0,2.0,32.0,0.11194029850746269,0.8470149253731343,0.0,31.0,31.0,31.0
latino_PI,0.7,1200,268,32.0,25.0,32.0,0.048507462686567165,0.9328358208955224,0.0,32.0,32.0,31.0
latino_PI,0.9,1200,267,32.0,28.0,32.0,0.018726591760299626,0.9775280898876404,0.0,32.0,32.0,32.0
white_PI,0.3,1200,47,0.0,0.0,2.0,0.9787234042553191,0.02127659574468085,0.0,0.0,0.0,0.0
white_PI,0.5,1200,47,0.0,0.0,25.4,0.7021276595744681,0.2127659574468085,0.0,0.0,11.5,0.0
white_PI,0.7,1200,47,26.0,0.0,32.0,0.425531914893617,0.5531914893617021,0.0,1.0,31.5,24.0
white_PI,0.9,1200,47,32.0,0.0,32.0,0.2553191489361702,0.6595744680851063,0.0,27.0,32.0,32.0
arab_base,0.3,1200,180,2.0,0.0,28.0,0.6222222222222222,0.34444444444444444,0.0,1.0,2.0,2.0
arab_base,0.5,1200,180,29.0,0.0,32.0,0.22777777777777777,0.7388888888888889,0.0,29.0,29.0,30.0
arab_base,0.7,1200,180,32.0,23.900000000000002,32.0,0.08888888888888889,0.9,0.0,32.0,32.0,32.0
arab_base,0.9,1200,180,32.0,32.0,32.0,0.06666666666666667,0.9277777777777778,0.0,32.0,32.0,32.0
asian_base,0.3,1200,158,0.5,0.0,28.0,0.6075949367088608,0.25316455696202533,0.0,2.0,6.0,0.0
asian_base,0.5,1200,158,29.0,0.0,32.0,0.2848101265822785,0.6772151898734177,0.0,29.0,32.0,29.0
asian_base,0.7,1200,158,32.0,18.0,32.0,0.08860759493670886,0.8670886075949367,0.0,32.0,32.0,32.0
asian_base,0.9,1200,158,32.0,32.0,32.0,0.056962025316455694,0.930379746835443,0.0,32.0,32.0,32.0
latino_base,0.3,1200,148,5.0,0.0,28.0,0.5067567567567568,0.39864864864864863,0.0,2.0,16.5,10.0
latino_base,0.5,1200,148,29.0,1.0,32.0,0.1891891891891892,0.7432432432432432,0.0,29.0,28.0,29.0
latino_base,0.7,1200,148,32.0,20.400000000000013,32.0,0.08108108108108109,0.8986486486486487,0.0,32.0,32.0,32.0
latino_base,0.9,1200,148,32.0,32.0,32.0,0.033783783783783786,0.9594594594594594,0.0,32.0,32.0,32.0
white_base,0.3,1200,155,2.0,0.0,27.0,0.567741935483871,0.2838709677419355,0.0,2.0,10.0,0.0
white_base,0.5,1200,155,29.0,0.0,32.0,0.25806451612903225,0.6451612903225806,0.0,29.0,29.5,28.0
white_base,0.7,1200,155,32.0,0.0,32.0,0.11612903225806452,0.8387096774193549,0.0,32.0,32.0,32.0
white_base,0.9,1200,155,32.0,25.200000000000003,32.0,0.07096774193548387,0.9032258064516129,0.0,32.0,32.0,32.0
dream_PI,0.3,1200,567,60.0,0.0,63.0,0.24162257495590828,0.11816578483245149,0.6402116402116402,60.0,61.0,60.0
dream_PI,0.5,1200,110,49.0,0.0,62.10000000000001,0.43636363636363634,0.045454545454545456,0.5181818181818182,58.5,34.0,58.0
dream_PI,0.7,1200,46,1.0,0.0,35.0,0.5652173913043478,0.2826086956521739,0.08695652173913043,1.0,1.0,1.0
dream_PI,0.9,1200,45,59.0,34.0,61.0,0.0,0.24444444444444444,0.7555555555555555,60.0,60.0,58.0
dream_base,0.3,1200,463,61.0,0.0,63.0,0.15334773218142547,0.17926565874730022,0.6673866090712743,61.0,61.0,60.0
dream_base,0.5,1200,144,60.0,0.0,63.0,0.3055555555555556,0.09722222222222222,0.5972222222222222,60.0,61.0,59.0
dream_base,0.7,1200,62,34.0,0.0,63.0,0.3709677419354839,0.3064516129032258,0.3225806451612903,34.0,34.0,34.0
dream_base,0.9,1200,45,59.0,35.0,62.0,0.0,0.28888888888888886,0.7111111111111111,60.0,59.0,58.5
